{
    "Info": {
        "Command": "Timed",
        "TimeStamp": "2023-10-16T08:21:12Z",
        "ID": "A10000011D02E000",
        "Firmware": "03.00.01"
    },
    "Device": {
        "Power": {
            "B_IV": 3.844063,
            "B_AC": -183.5938,
            "B_FC": 2000,
            "B_IC": 500,
            "B_SOC": 38.08594,
            "B_T": 22.2,
            "B_CS": 2
        },
        "IoT": {
            "Firmware": "13.00.009",
            "IMEI": "353613080390704",
            "ICCID": "899001193629016926",
            "RSSI": 7,
            "ConnTime": 15,
            "TAC": 34142,
            "LAC": 34142,
            "Cell_ID": 52467
        }
    },
    "Payload": {
        "Latitude": 37.96423,
        "Longitude": 32.60021,
        "AT": -40,
        "AH": 0,
        "AP": -102,
        "UV": 0,
        "ST": [
            0,
            0,
            0,
            0
        ],
        "R": 0,
        "WD": 280,
        "WS": 0.196432
    }
}